"Time","Process private bytes - healthcareorchestration"
2024-08-10 10:56:00,380 MB
2024-08-10 10:57:00,380 MB
2024-08-10 10:58:00,384 MB
2024-08-10 10:59:00,386 MB
2024-08-10 11:00:00,387 MB
2024-08-10 11:01:00,387 MB
2024-08-10 11:02:00,388 MB
2024-08-10 11:03:00,389 MB
2024-08-10 11:04:00,389 MB
2024-08-10 11:05:00,389 MB
2024-08-10 11:06:00,390 MB
2024-08-10 11:07:00,390 MB
2024-08-10 11:08:00,477 MB
2024-08-10 11:09:00,494 MB
2024-08-10 11:10:00,513 MB
2024-08-10 11:11:00,528 MB
2024-08-10 11:12:00,522 MB
2024-08-10 11:13:00,530 MB
2024-08-10 11:14:00,528 MB
2024-08-10 11:15:00,505 MB
2024-08-10 11:16:00,503 MB
2024-08-10 11:17:00,503 MB
2024-08-10 11:18:00,506 MB
2024-08-10 11:19:00,506 MB
2024-08-10 11:20:00,506 MB
2024-08-10 11:21:00,506 MB
2024-08-10 11:22:00,506 MB
2024-08-10 11:23:00,509 MB
2024-08-10 11:24:00,509 MB
2024-08-10 11:25:00,509 MB
2024-08-10 11:26:00,509 MB
2024-08-10 11:27:00,509 MB
2024-08-10 11:28:00,506 MB
2024-08-10 11:29:00,509 MB
2024-08-10 11:30:00,509 MB
2024-08-10 11:31:00,509 MB
2024-08-10 11:32:00,509 MB
2024-08-10 11:33:00,509 MB
2024-08-10 11:34:00,508 MB
2024-08-10 11:35:00,510 MB
2024-08-10 11:36:00,511 MB
2024-08-10 11:37:00,526 MB
2024-08-10 11:38:00,512 MB
2024-08-10 11:39:00,512 MB
2024-08-10 11:40:00,526 MB
2024-08-10 11:41:00,
2024-08-10 11:42:00,
2024-08-10 11:43:00,
2024-08-10 11:44:00,